name,email,phone_number,date_of_birth,address,city,state,zipcode,neighborhood,preferred_contact_method,notes,client_type
Harper Taylor,harper.taylor@example.com,001-736-728-5017x7121,1953-12-22,638 Park Ave,New York,NY,67400-3686,Brooklyn,Email,View television tree seven more executive.,Non-Profit
Melissa Morris,melissa.morris@example.com,(747)938-2438x9750,2003-06-30,814 Northern Blvd,New York,NY,31043-3221,Queens,Email,"There that with ground. Various score human travel card her.
Dream evening do know for pretty. Past near those government. Increase under free possible.",Individual
Jonathan Simmons,jonathan.simmons@example.com,488-366-2031x916,1970-03-28,9459 Bleecker Street,New York,NY,91286-1105,Staten Island,Phone,"Huge exactly leg sea crime great bar fund. According Mrs down teacher. Number event her difficult wait.
Culture ago president culture word item speak. Call common common realize.",VIP
David Garcia,david.garcia@example.com,383-913-8329,1977-11-04,10479 Richmond Ave,New York,NY,40506-9569,Manhattan,Email,Today firm final reduce center. Upon section network analysis mission five future. Shoulder probably which forget article industry.,Government
Heather Bailey,heather.bailey@example.com,333.794.9326x501,1956-06-14,42344 Steinway Street,New York,NY,74323-6675,Queens,Mail,"Center various soon call. Animal point today soon.
Various stand somebody lot them commercial actually. Once policy old north authority. Operation item interview truth table today.",Small Business
Zoey Miller,zoey.miller@example.com,(954)345-0349,1943-10-20,16301 Park Ave,New York,NY,48492-6810,Bronx,Phone,"Area he theory even list say. Authority concern have spring yet.
Agent artist feel law dark some or later. National church particularly rise.",Government
Chloe Jenkins,chloe.jenkins@example.com,(608)633-0980,1987-01-05,38549 Canal Street,New York,NY,14629-8494,Bronx,Mail,"Single medical only huge character. Compare into hospital audience.
Prepare service happen anyone eat at recent. Nice natural hour thousand all indeed once.",Small Business
Jane Gray,jane.gray@example.com,(653)974-9928,1994-12-27,1512 Columbus Ave,New York,NY,41046-4903,Brooklyn,Phone,"Marriage event financial. Always use discuss prepare friend picture event that.
Entire moment contain should window live. Place minute toward position drive.",Small Business
Lillian Rivera,lillian.rivera@example.com,572-599-6849x6312,1965-01-19,435 4th Ave,New York,NY,70557-5235,Bronx,Email,Every something beat behind doctor plan. Cold center lay late carry opportunity. Purpose next factor yard present analysis not.,Non-Profit
Nicholas James,nicholas.james@example.com,811-925-7059,1996-11-08,60968 Houston Street,New York,NY,36422-1979,Queens,Mail,News history world population third story. Reduce hour commercial well author program. Night bank decade lose at military value hit.,Non-Profit
Daniel Morris,daniel.morris@example.com,+1-419-988-3290,1952-11-04,65647 Mulberry Street,New York,NY,50068-1101,Staten Island,Phone,"Audience candidate simply instead. Theory throw decision maintain movie street simply.
Show behavior return industry debate development list. Ball begin movie more degree measure.",Small Business
Megan Wright,megan.wright@example.com,9225136843,1979-11-28,08903 Park Ave,New York,NY,56263-2572,Manhattan,Email,"Fast research understand difference wait. Whom admit history nice. Modern moment wind kitchen plan question open key.
Notice benefit contain. Ago data choice travel theory eye face.",Small Business
Aria Reed,aria.reed@example.com,268.674.6469,1966-01-15,24872 Richmond Ave,New York,NY,98203-6922,Brooklyn,Email,Top head deep business buy before trade. To walk stage special. Work system start agency pressure well course.,Small Business
James Brooks,james.brooks@example.com,327-486-2884,1955-06-22,91571 Northern Blvd,New York,NY,59347-1269,Brooklyn,Mail,"Seven around marriage from finally whatever. National worry two life mother buy. Nation political voice.
Themselves international town difference bit get include.",VIP
Nathan Long,nathan.long@example.com,801-738-3042,1980-04-13,9672 Canal Street,New York,NY,86311-4113,Brooklyn,Mail,"Rather thought free range easy participant century. Mind kid into game woman between give.
National difference eat today. Foreign different artist show hospital.",Non-Profit
Grace White,grace.white@example.com,(834)983-9530,1971-08-26,5669 Fordham Road,New York,NY,31193-6734,Bronx,Phone,"Meet next popular he race billion though ten. During pass whole. Even hold hospital station center believe talk.
Night article run market. Hour control head hear back.",Non-Profit
Charles Stewart,charles.stewart@example.com,218-802-2730x980,1990-01-04,204 Lexington Ave,New York,NY,98103-3492,Manhattan,Email,"Beat food nothing chance. Yes yard play pass.
Blue race option need treat rather. Little dream drive professor way four.",Individual
Lauren Ward,lauren.ward@example.com,001-707-809-5681x27737,1972-05-23,634 West End Ave,New York,NY,91515-7506,Bronx,Mail,"Sit alone size give possible it.
Night investment company house phone interview. Message mother social imagine. End federal Mrs everybody.",VIP
Laura Jones,laura.jones@example.com,+1-867-748-5254,1972-10-26,79387 3rd Ave,New York,NY,25454-4653,Bronx,Email,Family outside just really program. Skill nation law opportunity. Box lead if energy idea house community.,Government
Lily Flores,lily.flores@example.com,001-904-910-6246x451,2002-10-18,274 Queens Blvd,New York,NY,83473-7995,Staten Island,Mail,"Organization hold character three according before should. Skin board character cover. Bit amount factor. Office yard friend also hand.
Arm strategy real class physical.",Corporate
Steven Cook,steven.cook@example.com,521.295.2117x1751,1976-08-04,57378 5th Ave,New York,NY,75014-1878,Staten Island,Mail,"Western stop prove design. Study movie edge community fill. Town increase question trade deep example.
President ask can bank measure. Time few four drug paper radio describe. Himself upon factor.",VIP
Megan Taylor,megan.taylor@example.com,+1-808-846-8750,1968-11-10,3939 Queens Blvd,New York,NY,66775-5633,Queens,Email,"Appear high provide message. Join inside north year not man though beyond.
Ask source foreign cut culture. Her also involve people kind seek. Case senior south scene.",Government
Alexander Allen,alexander.allen@example.com,+1-561-484-5376,2000-02-13,739 Columbus Ave,New York,NY,66434-8214,Brooklyn,Email,"Court particular away paper mother blue drug. Home nation city accept law provide. Table weight certain nice sure.
Entire worker soon occur special most. Parent to may stock state on.",Corporate
Mason Clark,mason.clark@example.com,471.484.6934,1974-07-22,60344 Grand Concourse,New York,NY,71893-5865,Queens,Phone,"Month born around could. Bag set listen require be.
Bad price race dark tend chance find interview. Across them why price security case human. Total most term cup top investment large.",Non-Profit
Charles Young,charles.young@example.com,536-218-7764,1945-06-08,26561 4th Ave,New York,NY,29019-9574,Bronx,Email,Only window page often floor cup resource. Glass believe recently firm. Wrong above hope account modern man measure learn.,Small Business
Charles Jackson,charles.jackson@example.com,429.887.8774,2006-07-21,6884 West End Ave,New York,NY,58007-9697,Queens,Phone,"Third wait member heart. School himself really. Grow someone food.
Together attorney least road opportunity north back.",Non-Profit
Timothy Campbell,timothy.campbell@example.com,+1-741-528-5687x70304,1988-10-27,54211 Forest Ave,New York,NY,83517-7301,Manhattan,Email,Likely course group develop lot way. Say top idea level middle. Surface dog decade poor early skill prepare.,Government
Victoria Long,victoria.long@example.com,547.463.2213x253,1945-07-25,964 Bleecker Street,New York,NY,91841-3207,Brooklyn,Email,Region dream agreement third research. Course sport you store as. Production yeah argue.,Small Business
Jacob Henderson,jacob.henderson@example.com,241.925.2750,1991-08-17,96243 Roosevelt Ave,New York,NY,99605-1223,Staten Island,Email,"Situation bed network medical discussion. Throw president only edge control who team. More various because grow walk.
Prevent provide option support.",Small Business
Nathan Coleman,nathan.coleman@example.com,+1-740-376-6853x79665,1975-11-08,4920 Mulberry Street,New York,NY,62835-5966,Staten Island,Phone,"Major never election increase onto have mission. Employee number care ahead. List run listen top law owner.
Author fire send consider pay whether. Fish make too between.",Small Business
Aria Jones,aria.jones@example.com,+1-347-961-9619,1995-02-22,90296 Madison Ave,New York,NY,28407-5358,Brooklyn,Email,Opportunity offer idea his director former little. Suffer even alone specific perform personal. Tv environment wide.,Non-Profit
Emma Coleman,emma.coleman@example.com,785-945-6432,1987-05-29,18207 Richmond Ave,New York,NY,85370-3341,Staten Island,Phone,"Find book dark group cultural local building. Again cause learn enter writer stock out. Best lead report religious create crime.
Hope measure now require beyond. In training seat.",VIP
Jason Davis,jason.davis@example.com,829.444.0031x857,1958-02-09,3128 Canal Street,New York,NY,83193-3839,Queens,Mail,"Image foot call environmental big computer. Word such instead computer opportunity. Share hundred probably court.
School win sound case scene firm.",Non-Profit
Michelle Cooper,michelle.cooper@example.com,(726)603-5695,1963-01-05,0903 Hylan Blvd,New York,NY,12764-9480,Manhattan,Email,"Change according those life pull sister.
Drop morning drug feeling act task. Work late store appear city serious choice.
Carry create must run trial reflect.",Corporate
Madison Rodriguez,madison.rodriguez@example.com,+1-617-908-4607,1962-08-08,29363 Central Park West,New York,NY,55511-1158,Staten Island,Mail,"Whom house no bring company improve arrive. Kind second education public.
Draw middle sing sometimes would into after. Expect former adult former.
Authority tough military artist information product.",Non-Profit
Samuel Patterson,samuel.patterson@example.com,(949)698-0988,1956-04-10,0607 Roosevelt Ave,New York,NY,69818-6863,Bronx,Email,"Teacher gun answer.
Teach nor debate rock reality role sometimes. Offer power develop buy better agent. Of first ability to speech similar. Take attack card law.",Government
Grace Carter,grace.carter@example.com,258.947.1732x573,1970-05-04,8698 3rd Ave,New York,NY,43415-3915,Manhattan,Mail,Picture place others director tell hear role. Forget have degree can away tend seven another. Role word writer practice practice.,Small Business
Laura Barnes,laura.barnes@example.com,001-764-906-5723,1945-09-16,9767 West End Ave,New York,NY,69802-4692,Brooklyn,Phone,Contain system foot however economic paper others. Music same record various remember get. Something late put way thousand Republican.,Non-Profit
Harper Parker,harper.parker@example.com,(858)373-6857,2006-05-30,915 Madison Ave,New York,NY,35064-4784,Staten Island,Mail,Skill term message spring happen society skin establish. Simply several long treat easy car agree. Different yet century different find itself affect.,Small Business
Isaac Lopez,isaac.lopez@example.com,8442170942,1980-05-07,549 Bowery,New York,NY,73569-3486,Bronx,Mail,Energy yet every service will. Water big onto page under. Loss must this area cost moment.,Corporate
Joshua Rivera,joshua.rivera@example.com,504.868.5162,1983-08-09,20192 Steinway Street,New York,NY,21242-9915,Manhattan,Email,"Section social experience possible begin. Pretty generation win. Expect short religious now.
Sort know ago his reflect baby memory. Someone within piece by send.",Non-Profit
Ethan Rogers,ethan.rogers@example.com,638.310.5167x84713,2006-06-10,7577 Columbus Ave,New York,NY,55664-1148,Brooklyn,Phone,"Per life a. Reduce may civil training.
Building food realize most color its fire. Agent me test this form somebody heart method.",VIP
Chris Martin,chris.martin@example.com,780.796.1840x293,1944-12-16,65858 Wall Street,New York,NY,89553-9959,Queens,Mail,"President rise strategy other eight first. Practice executive change eat decide bad use tax. Beat fear stay still in.
Trouble team eight say. Daughter street manager debate bank myself series.",Small Business
Joseph Cook,joseph.cook@example.com,001-876-396-9561x40819,1954-08-29,778 Bowery,New York,NY,87648-9455,Manhattan,Email,"Plant character whether air difference. Out decide threat. Maintain beat yard hope along. Interest month reality.
Event true ever both add vote bit sell.",Small Business
Rebecca Phillips,rebecca.phillips@example.com,001-448-789-1575x855,1999-10-12,88643 Northern Blvd,New York,NY,45602-6555,Brooklyn,Mail,"Prove onto future lay sometimes. Onto any support why policy. Significant name crime back manage across produce. Religious campaign I.
Magazine rate recognize. Yes finish research throw deep.",Non-Profit
Joseph Morris,joseph.morris@example.com,(553)751-3238,1990-12-11,97067 Queens Blvd,New York,NY,78918-7291,Queens,Mail,"Our per think still describe. Window main own deep effect information know.
Little white future significant Democrat continue message choice. Take piece smile skill me.",Government
Aurora Scott,aurora.scott@example.com,945-430-8308x4869,1950-03-12,6507 Lexington Ave,New York,NY,31365-1891,Bronx,Phone,"Board cold paper capital how mean ten.
Wind book environmental who candidate reduce learn beautiful. Country member along. Instead step question evening skill note.",Individual
Steven Anderson,steven.anderson@example.com,813.467.8782x250,1999-05-18,17325 2nd Ave,New York,NY,24318-8413,Bronx,Email,"Official candidate stuff hour end near. Certain interesting buy compare often. High everything leader stop most our.
Agree prevent single thousand conference dinner. Receive successful voice.",Non-Profit
Layla Mitchell,layla.mitchell@example.com,001-762-306-6654,1995-02-07,1812 Central Park West,New York,NY,38388-5199,Manhattan,Email,Run social end defense with remain. Recently itself operation anyone answer spend billion. Board husband appear address enjoy show.,Corporate
Samantha Williams,samantha.williams@example.com,717.442.2605,1969-10-29,88416 Fulton Street,New York,NY,47923-7250,Bronx,Phone,"Write wall PM institution why issue. Walk near production.
Effect statement behavior development body recent thank per. And prove whole center since summer majority whom.",Government
Aria Richardson,aria.richardson@example.com,(263)328-8291x24546,1964-09-28,156 Victory Blvd,New York,NY,75819-3258,Bronx,Mail,Some court plant record nothing value. Realize pattern sell go organization. Probably discuss week picture condition.,VIP
Michael Cooper,michael.cooper@example.com,(616)605-8517,1998-07-28,7144 Fulton Street,New York,NY,97365-2831,Manhattan,Phone,Wait technology low where argue authority. Pm line attack at. Close else grow artist.,Non-Profit
Heather Hill,heather.hill@example.com,555.364.8146x3499,1952-05-20,6044 Bleecker Street,New York,NY,43087-3519,Queens,Email,Understand southern continue face yes break fine consider. Away step wonder rest positive rich election. View behind mouth indeed.,Non-Profit
Grace Walker,grace.walker@example.com,+1-543-509-7102x1774,1996-01-12,6425 West End Ave,New York,NY,67099-8677,Brooklyn,Email,"Focus hotel some assume until maybe. Stuff thousand fight simply hot after role. Experience life tend choose.
Field support tend paper. Listen tough detail trip. From support just once place ask.",Non-Profit
James Griffin,james.griffin@example.com,450-276-3289x73601,1990-09-07,9968 Northern Blvd,New York,NY,17793-7850,Staten Island,Mail,"Represent me top rise table cell report again. Remember rather money garden how music. Firm weight different left in teacher less.
System should that. Night scene argue.",VIP
Adam Cooper,adam.cooper@example.com,956.317.1172x692,1964-05-12,703 Northern Blvd,New York,NY,32696-4049,Manhattan,Mail,"Message drive large give evidence. Probably decide suggest Congress language.
None better read check source arm social. Its style measure fish for.",Corporate
James Scott,james.scott@example.com,884-210-3768,1990-09-24,5713 Grand Concourse,New York,NY,29177-3094,Staten Island,Phone,"Girl wide receive thus sing study never. Western police their. Game enjoy long grow member fight.
Everybody result fly difference election. Produce itself for somebody far.",Government
Heather Evans,heather.evans@example.com,001-543-670-1998x800,1949-12-23,97277 3rd Ave,New York,NY,40691-6459,Queens,Phone,Popular manage activity modern individual future state region. Mouth soon economic degree under crime. Radio purpose visit.,Non-Profit
Paisley Flores,paisley.flores@example.com,446-661-4867,1991-03-31,0457 Forest Ave,New York,NY,92833-6098,Bronx,Email,Prepare someone threat carry then. Investment statement mind his top member group. Could technology various because its feel ten situation.,Individual
Gabriel Barnes,gabriel.barnes@example.com,001-804-996-6747x3147,1972-02-04,770 Roosevelt Ave,New York,NY,22225-4219,Brooklyn,Email,"Once leave television behavior red four drug. Father agent ball.
Believe rule color agency. Trip yard say ready. Agent threat family around. Beautiful ten level network any.",Corporate
Crystal Taylor,crystal.taylor@example.com,001-657-549-2207x0610,1968-11-07,67077 Hylan Blvd,New York,NY,35377-7728,Staten Island,Email,"Color power same enough compare. Nation join international position room. Girl blood wear federal allow positive.
Recent join girl nor do.
Public black leave write.",Individual
Olivia Morris,olivia.morris@example.com,705.274.5240,1967-07-01,1648 1st Ave,New York,NY,92013-8846,Bronx,Mail,"Bar scene material also letter. Cup describe thing player relationship risk.
Somebody in protect already person full. Free soon world treat quite. Daughter lawyer fund turn likely look.",Individual
Jessica Allen,jessica.allen@example.com,+1-642-509-8189,1989-12-27,887 Fordham Road,New York,NY,78396-3405,Queens,Mail,"Magazine indicate almost. Hand occur statement.
Rather street probably guy sign billion pay.
Improve mind foot out century. Water financial rule station be media.",Corporate
Jason Jenkins,jason.jenkins@example.com,346.821.5704,2003-07-01,9789 4th Ave,New York,NY,23962-3595,Bronx,Email,"Figure bill man school. Reality vote role add expect me.
Others suffer often food from take. Interest visit open field beyond leave.",Small Business
Sarah Sanchez,sarah.sanchez@example.com,(389)576-8744x15593,1963-11-14,80687 Fordham Road,New York,NY,86828-4900,Manhattan,Mail,Event which voice keep of set. Card example life our Democrat. Find indeed world.,Small Business
Laura Henderson,laura.henderson@example.com,001-694-399-8958x36415,1973-12-26,38713 Broadway,New York,NY,88917-5827,Manhattan,Email,"Chair subject sister door left according attorney my. Third fact for sound foreign wear.
Notice when ago research style. Can heart near sense skill. Out tonight throughout something guy accept focus.",Individual
Lily Hernandez,lily.hernandez@example.com,594-368-3996x27514,1943-09-02,482 Central Park West,New York,NY,62806-6142,Manhattan,Mail,Decade away structure be movement toward whole area. Nation age final role someone wrong total. Year about break stop.,Non-Profit
Chloe Harris,chloe.harris@example.com,001-350-855-3937x48439,2001-07-10,22838 Grand Concourse,New York,NY,52074-6022,Queens,Mail,"Compare treat agency project human run money. Call finish on together home deal laugh different.
Feel mention less prove. Ball oil way three operation.",Government
Logan Ward,logan.ward@example.com,451-991-4754x7774,1985-05-04,441 1st Ave,New York,NY,49848-7176,Staten Island,Email,Sister writer against son provide. Baby shoulder certain.,Individual
Jessica Perez,jessica.perez@example.com,329-424-2119,1992-09-18,568 Northern Blvd,New York,NY,52016-8545,Staten Island,Mail,Growth structure bit energy pattern along high. Enjoy still thank level read yes. Make just yes option pressure catch kid turn. Type there manager recently.,Individual
Amber Clark,amber.clark@example.com,768-549-1101,1982-04-11,18369 West End Ave,New York,NY,39419-1158,Bronx,Email,Political charge ten grow magazine. Cultural behavior scientist senior create analysis admit.,Government
Nicholas Henderson,nicholas.henderson@example.com,786.236.1703x26431,1991-02-01,28546 3rd Ave,New York,NY,98841-1104,Brooklyn,Mail,"Fight road least lawyer. As happy blue impact time hotel. Bad unit all form medical. Hit key good table.
Hear few church trouble tell. Outside drug let.
Thing any seven born.",Government
Jason Reed,jason.reed@example.com,+1-931-431-2123x9666,1969-08-27,409 Grand Concourse,New York,NY,98038-7667,Brooklyn,Phone,"Place century member dog project far. Cup rise report hair.
Western job nor. Book mother country travel book upon spring wind.",Non-Profit
Evan Miller,evan.miller@example.com,799-431-2964x252,1957-09-02,76937 Fulton Street,New York,NY,66078-3525,Brooklyn,Phone,"I list fill during air. Like stock game bag he win law. Morning better mission southern read paper policy.
Debate break hand cold. Hear consumer window positive education per occur.",VIP
Jason Green,jason.green@example.com,555.892.0923x5736,2003-12-24,493 Steinway Street,New York,NY,66193-7414,Queens,Mail,Adult as open relate always. Know figure red father. Page condition prove.,VIP
Heather Bell,heather.bell@example.com,584.791.4995x94671,1955-02-26,2046 Columbus Ave,New York,NY,77437-3847,Bronx,Phone,Particular at glass site daughter never. Quality second care color occur. Top under how own prepare value.,Corporate
Hannah Ward,hannah.ward@example.com,(824)530-4905,1946-11-24,007 West End Ave,New York,NY,29061-7672,Queens,Email,"Support decide race force. Leave suggest natural institution treat generation.
Develop left action politics important allow.
Tend any car. Skin likely rate in meet. Anything process dark put.",Individual
Isaac Reed,isaac.reed@example.com,001-999-678-0069x9853,1981-09-15,269 Bleecker Street,New York,NY,56861-5516,Queens,Phone,"Now these town large financial history happen. By director other item what which charge.
Concern claim certain side. Perhaps character general along such. Each view authority quickly real find right.",Corporate
Crystal Howard,crystal.howard@example.com,(602)838-3838x9906,1997-02-08,1919 Grand Concourse,New York,NY,79976-6350,Manhattan,Phone,"Stuff fear low. Rest remember book ask nearly blood born.
Occur response line hour success. Question probably book million. Assume from type nation authority music.",Small Business
Cameron Jenkins,cameron.jenkins@example.com,715-620-4022x914,1978-06-22,243 4th Ave,New York,NY,20814-4730,Brooklyn,Phone,"Reality right attention medical. Learn on again stock. Ok although send partner peace chair foot.
Reduce sister government education on. So since indeed program scene book. Speech upon very visit.",Corporate
Charles Thompson,charles.thompson@example.com,525-760-1548,1977-08-01,753 Arthur Ave,New York,NY,92896-8133,Manhattan,Phone,"Argue agency team. Book then show walk.
Yard head picture build notice. Machine style modern. Force cultural theory half.",Non-Profit
Crystal Bennett,crystal.bennett@example.com,718.422.8523,1980-09-28,31963 3rd Ave,New York,NY,12181-5754,Bronx,Mail,Interview stand light war experience sister. Star note us paper movement. Organization fast control free.,Non-Profit
Patrick Mitchell,patrick.mitchell@example.com,(354)418-9012x1433,1999-03-30,9308 Hylan Blvd,New York,NY,41193-3748,Queens,Email,Suggest commercial receive black able information. Pick manage space get capital happen. Much agent member must should.,Government
Olivia Green,olivia.green@example.com,(882)318-6224,1999-09-18,92237 Amsterdam Ave,New York,NY,53762-2830,Staten Island,Mail,"Trip think must. Meet southern visit next first writer. Order during office low civil suffer couple.
Issue general though detail building fine whatever me. Away shoulder professor administration.",Government
Patrick Hayes,patrick.hayes@example.com,(778)780-4690x80440,1982-03-20,746 1st Ave,New York,NY,60167-7685,Queens,Phone,"Style mouth include senior. Talk job cause understand material herself. Cause page thing property shake drug around.
Three exactly end watch. Indicate trial some else director kind.",VIP
Chris Perez,chris.perez@example.com,+1-223-205-2247x06755,1946-03-28,42711 Forest Ave,New York,NY,15782-7009,Queens,Mail,"Should window kitchen three. You later by. Character western development move. Safe high major family.
Point pressure before respond property.",Non-Profit
Brandon Torres,brandon.torres@example.com,+1-289-650-7547x029,1977-11-27,39222 West End Ave,New York,NY,42622-4366,Brooklyn,Mail,"Quality you suggest. School but professional property start thing.
Rich term consider. Provide old question. Prevent see interest difficult.
Maintain able sure power culture sign.",VIP
Emily Wilson,emily.wilson@example.com,813.454.4280,1964-02-24,98542 Steinway Street,New York,NY,58448-2292,Staten Island,Email,Fight prevent boy full upon. Sell network sing whether provide. Bag large color. Huge simple college listen western them religious.,VIP
Joseph Evans,joseph.evans@example.com,536.235.3186x5616,2006-01-28,9611 Canal Street,New York,NY,68034-1582,Brooklyn,Mail,Lot long pattern food newspaper case. Even together soldier around usually power save next. Life space year white American and.,Individual
Laura Wilson,laura.wilson@example.com,748-414-7367,1987-10-21,293 Broadway,New York,NY,67023-9119,Brooklyn,Email,Stop clearly science within exactly wide animal. A college involve customer offer live nor foot. Run phone purpose after wall.,Corporate
Laura Howard,laura.howard@example.com,410.759.0584x7484,1966-01-22,8861 5th Ave,New York,NY,17398-7816,Staten Island,Email,"True as agency anyone. Here experience accept method. Give work chance cover admit involve political skill.
Thank past pressure treatment themselves need eat research. Wear minute hit society per.",VIP
Nathan Morris,nathan.morris@example.com,(778)795-2600x5462,1998-12-08,3552 4th Ave,New York,NY,72789-9812,Staten Island,Email,Wife least child by brother tree seem. Last low could something investment. Eight week pattern today.,Individual
Ellie Gray,ellie.gray@example.com,+1-325-558-8909x02957,1965-02-15,369 Astoria Blvd,New York,NY,30430-4088,Queens,Phone,"Clearly bit popular service yourself. Such might question would quality. Mention data true business.
Sister seven truth budget campaign stay later. Arrive stay social upon.",Corporate
Heather Ramirez,heather.ramirez@example.com,001-287-230-6311x64287,2000-11-09,600 Queens Blvd,New York,NY,46273-5415,Manhattan,Phone,"Church state fight fight. By pattern walk decide resource manage. Million task recently discuss green.
Service social world third natural require. Old or force others share.",Government
Jason Phillips,jason.phillips@example.com,001-555-840-9794,1970-10-11,845 1st Ave,New York,NY,82935-2743,Queens,Phone,"Somebody special treatment control area serve why. Suddenly bed entire now central. Message particular hear generation interview.
Task reason six surface. True third when.",Small Business
Penelope Young,penelope.young@example.com,524.251.8214,1985-12-13,3308 Houston Street,New York,NY,87084-3475,Manhattan,Mail,Lose mention make beyond sign respond trade better. Tell page letter and certain stock expert. Civil subject issue table administration professor.,Non-Profit
Jacob Mitchell,jacob.mitchell@example.com,001-463-500-0847x6262,1983-07-01,4664 Fulton Street,New York,NY,25485-2911,Manhattan,Phone,"Can memory PM president change. Read professor thus decade however next.
Guy risk last some analysis gun. Break save option. Military room less behind.",VIP
Jack Long,jack.long@example.com,677-233-6789x2521,1978-04-07,9692 5th Ave,New York,NY,24983-4652,Staten Island,Phone,Win open Congress ground I environment sit. Why office one answer grow opportunity. With long commercial major discuss drive admit.,VIP
Addison Collins,addison.collins@example.com,001-394-306-2981x22633,1955-10-23,34422 Fulton Street,New York,NY,42513-8771,Queens,Phone,"Huge day tend new radio smile. Miss discuss might station law future.
Could computer pull necessary building. Spring business billion hold now.
Decade throughout his attorney piece.",Government
Patrick Ward,patrick.ward@example.com,5724426218,1997-04-04,26331 Fordham Road,New York,NY,77249-1839,Brooklyn,Phone,"Main professional security ground between never. Compare building condition. Fear two item tax later present too.
Manager poor staff record compare enough style.",Small Business
Grace Long,grace.long@example.com,402-550-9565x0607,2001-07-26,10994 Victory Blvd,New York,NY,56751-5893,Bronx,Email,"Nature discover rather piece fight. Run want Mr poor close like add plan.
Take girl early edge drop them. Drop executive would charge imagine opportunity.",Small Business
David Sanders,david.sanders@example.com,894-815-9340,1998-02-08,46472 Wall Street,New York,NY,17288-3970,Brooklyn,Phone,Feel hand public. Friend product laugh film. Choose service design sing experience remain.,Corporate
James Bryant,james.bryant@example.com,580-841-1120,1954-04-25,3248 Northern Blvd,New York,NY,27949-2118,Queens,Phone,Ahead professional hope early job. Method technology land source section state oil.,Government
Chris Barnes,chris.barnes@example.com,209.642.2646x726,1993-07-17,5491 Canal Street,New York,NY,44791-8351,Queens,Mail,"Score big reach rock. Personal suddenly stage black. Happy stay smile particularly action across.
Plan information impact animal try recognize dream speech. Mouth type matter teach first.",Government
Chris Green,chris.green@example.com,684-327-0129x88092,1986-11-23,501 Bowery,New York,NY,83069-5099,Bronx,Phone,"Knowledge apply sure Republican improve can.
Them do authority statement. Expect decade exist effect. Rich left spend small entire.",Non-Profit
Charlotte Diaz,charlotte.diaz@example.com,760.705.9852,1975-09-04,952 Astoria Blvd,New York,NY,28124-7226,Brooklyn,Phone,Book authority later year last natural.,Corporate
Rebecca Reed,rebecca.reed@example.com,+1-315-511-5523x1845,1958-06-04,51218 Victory Blvd,New York,NY,82182-7625,Brooklyn,Email,"Eat sense quite machine. Happen two a notice whom issue.
Note alone establish politics for together. Throw teach mission school.",Corporate
Emily Long,emily.long@example.com,919-336-0993x98965,1983-10-29,57725 Lexington Ave,New York,NY,13517-3640,Brooklyn,Email,"Participant for generation resource rich. West quite dark people certain.
Thing week film figure build. Only marriage everyone relate drug vote various unit. Sure figure stage worry.",Non-Profit
Harper Ross,harper.ross@example.com,475-641-9410,1962-12-15,88298 Fordham Road,New York,NY,68459-9955,Brooklyn,Mail,Study form writer whatever she. Cold outside glass probably others eye race law. Yourself own young environmental government. Want thus mission stand best discover man wife.,Individual
Samuel Torres,samuel.torres@example.com,001-201-511-8905,1991-07-27,292 3rd Ave,New York,NY,39912-4893,Staten Island,Mail,"Fill rest yes each. Drop top note say deal.
Tree else knowledge Mr sort reason. Safe politics suggest sense green. Computer sea show someone author.",VIP
Jonathan Jenkins,jonathan.jenkins@example.com,767-452-4510x8642,1992-07-13,264 West End Ave,New York,NY,32883-5334,Bronx,Email,"Then break leader. Within drive note thought writer property about grow. Campaign oil authority situation.
Speak what plant memory reduce his. Clear reason or market term conference.",Individual
Brandon Wood,brandon.wood@example.com,001-625-620-9948x334,1983-09-22,5456 Fulton Street,New York,NY,10000-1480,Bronx,Phone,"Head hard build themselves adult decision response voice. Remain local central term inside.
Affect know recent. Break build third long.
Lot art customer parent. Country involve have too of recognize.",Individual
Evan Torres,evan.torres@example.com,001-702-759-7894x097,1989-10-17,53015 3rd Ave,New York,NY,42234-2049,Manhattan,Mail,"Development TV campaign indicate since consumer Republican. Customer stage TV spend lot.
Loss painting site her rate think admit. Economic find myself low dream. Success left situation bag.",Corporate
Charlotte Evans,charlotte.evans@example.com,933.229.9255,2003-06-22,35347 Wall Street,New York,NY,64404-6582,Bronx,Mail,"Push feeling him as evening. Wide manage firm hand finally near decision.
Thought respond field artist out second American.",VIP
Kevin King,kevin.king@example.com,418-488-7910x13566,1996-04-22,451 Bleecker Street,New York,NY,14381-4845,Queens,Phone,"Agency task financial important. Product why all fall bit same. Operation onto system between central speak.
Seat edge project toward rule media. Scene attention job road wonder.",Individual
Chloe Simmons,chloe.simmons@example.com,502-963-9313x937,1959-01-02,948 Madison Ave,New York,NY,74512-7692,Brooklyn,Email,Establish five attack share forget husband situation. Wrong reality hotel. Same task suddenly him out recent responsibility.,Corporate
Connor Howard,connor.howard@example.com,377-963-1602x85789,1992-02-18,276 2nd Ave,New York,NY,78217-1795,Staten Island,Mail,"Rock dark foreign business interview. Figure contain president fish break dinner.
Thousand nothing go blood. Lawyer allow fall. Not security clear hold trouble.",Non-Profit
Dylan Wright,dylan.wright@example.com,+1-408-761-6018,2002-01-08,54555 Victory Blvd,New York,NY,61861-9420,Brooklyn,Mail,"Outside down memory stock. Hot position whatever none group southern office voice. Walk course involve daughter.
Word tough thousand. Next claim itself. Life animal fill fire like radio evening.",Corporate
Zoey Campbell,zoey.campbell@example.com,858.859.7854x564,1987-02-03,47959 West End Ave,New York,NY,62792-3061,Staten Island,Email,"Pattern under few cell boy. Contain new pretty answer.
Most exactly health believe expert. Account camera key office have.",Small Business
Michelle Jones,michelle.jones@example.com,001-871-815-2794x33360,1955-12-02,5129 Broadway,New York,NY,80517-4535,Brooklyn,Email,"Own likely left explain rock down Republican not. Produce under heavy child a leg measure.
Exactly follow open. Look keep feeling consider listen.",Non-Profit
Crystal Carter,crystal.carter@example.com,451.845.2255x389,1960-04-16,95400 Fordham Road,New York,NY,76015-6500,Brooklyn,Mail,"Our guy politics. Learn music exist mind television body defense who. Gun information reduce what hospital out order.
Black mother should ball why.",Non-Profit
Jessica Rodriguez,jessica.rodriguez@example.com,(564)201-4970x472,1979-10-08,19328 5th Ave,New York,NY,37776-6690,Staten Island,Mail,Almost bill government member response plan. Information lose central. Once from up through here human anything.,Government
Isaac Murphy,isaac.murphy@example.com,(632)235-9700x369,2004-05-25,52938 Jerome Ave,New York,NY,13314-8831,Manhattan,Email,"Reveal small significant. Serious task sound laugh opportunity act.
Including voice which defense young one. Window recognize set newspaper all civil.",VIP
Zoey Garcia,zoey.garcia@example.com,(498)791-7190x4110,1991-09-06,9913 Astoria Blvd,New York,NY,57438-8818,Bronx,Phone,Image let less religious offer quality. Challenge bar region player beautiful. Indeed guess she hear far. Myself catch hard reduce push lead.,VIP
Hannah Russell,hannah.russell@example.com,(605)369-8176x96346,1978-03-03,278 5th Ave,New York,NY,45645-8613,Brooklyn,Phone,"Same material our beat maintain probably. Step film too.
Know believe business nice type company try. Rate doctor however car analysis.
Check soon type daughter figure commercial.",Non-Profit
Laura Ward,laura.ward@example.com,398.767.0027,1961-10-07,3971 West End Ave,New York,NY,41284-7592,Staten Island,Email,"Ball end allow Mr imagine his. Line public especially lay information argue.
Actually along own which area. Wife very interest ago no leg study speak.",Government
Penelope Adams,penelope.adams@example.com,774.369.6691,1944-05-29,2753 Madison Ave,New York,NY,30431-7338,Staten Island,Phone,"Simply suggest four cup financial yeah. Place physical service everybody.
Down ten under result about down. Responsibility significant attack machine of.
Place leader movie popular final.",Individual
Sarah Bennett,sarah.bennett@example.com,(761)405-4174,1984-05-11,00947 3rd Ave,New York,NY,36939-8207,Bronx,Mail,Life how girl research already fund. Product cell weight fine whether beat tree career. Store interesting stop skin join.,Corporate
Jessica Cook,jessica.cook@example.com,319-952-3232x3702,1983-05-30,82388 Madison Ave,New York,NY,49345-3674,Staten Island,Phone,"Thing various often. Tough only for treatment area five oil.
Computer choose somebody church chance second per page. So benefit move.",VIP
Joseph Davis,joseph.davis@example.com,500.274.2432x6634,1947-11-29,45532 4th Ave,New York,NY,26735-2343,Queens,Mail,Prevent final page piece magazine teach daughter. Use party figure lay trade even poor. Herself worker newspaper think try source.,Non-Profit
Jane Hill,jane.hill@example.com,001-798-249-2618x307,2005-01-25,399 Astoria Blvd,New York,NY,79267-4377,Brooklyn,Mail,"Week few cover week bring long.
Administration find lawyer begin chance. Share the have shoulder discussion feel environment.",Corporate
Lillian Moore,lillian.moore@example.com,324.785.9008x8049,1984-12-14,53613 Northern Blvd,New York,NY,55876-4124,Brooklyn,Phone,Best building report start safe cold that. Event whether news happen perhaps discussion give gas. Every lead series crime.,VIP
Jordan Wright,jordan.wright@example.com,(410)852-6660,2001-06-18,05691 Victory Blvd,New York,NY,10877-8176,Queens,Email,"Know it teach interview. Modern compare moment. Week white radio sell range face.
Recently seven week real discuss relate actually.",VIP
Scarlett Walker,scarlett.walker@example.com,423.536.7355,1975-02-09,294 4th Ave,New York,NY,39892-1741,Bronx,Mail,Produce certain support glass per fine send. Action this tough name often outside safe. Bit claim street everyone bill almost.,Corporate
Harper Howard,harper.howard@example.com,(903)803-0445,1944-03-26,059 Victory Blvd,New York,NY,35740-6316,Bronx,Phone,Born turn recently fund. Social friend course ability so large book. Window majority get activity total add just very.,Small Business
Heather Jenkins,heather.jenkins@example.com,(907)609-8415x7047,1959-07-10,4559 Amsterdam Ave,New York,NY,36691-5329,Queens,Email,"Attention former wife general. Beyond size mention last risk oil.
Peace must per hit religious rise head. At left beautiful community sound left themselves.",Corporate
Alexander Collins,alexander.collins@example.com,+1-741-842-7304,1951-05-05,12545 Lexington Ave,New York,NY,34249-1997,Manhattan,Mail,"Class financial before personal amount stock game. Address news in father though.
Quite become technology sea contain put what. Sort them seek American.",Corporate
Lauren Turner,lauren.turner@example.com,+1-924-377-9611,1975-12-13,9068 Fordham Road,New York,NY,14298-5983,Queens,Mail,Growth suddenly stock individual. Full rather community guy. Country cell huge season.,Small Business
Jack Williams,jack.williams@example.com,(719)866-7502x97481,1952-05-18,37754 Steinway Street,New York,NY,90781-9828,Manhattan,Mail,"List expert skill have. Recognize day herself eye. Information use throw name million.
Film yeah of newspaper. Blue prove difficult management treatment break scene. Child stop will create feel hit.",Individual
Evelyn Gonzales,evelyn.gonzales@example.com,+1-528-700-0773x57537,2002-03-23,655 1st Ave,New York,NY,81825-9878,Manhattan,Phone,Agent believe high manager use. Ability help between rock film moment.,Corporate
Matthew Adams,matthew.adams@example.com,784.898.4230x482,1950-08-31,99408 Richmond Ave,New York,NY,88621-6901,Manhattan,Mail,Physical lay society television nice despite executive. Sell court learn report how clearly. Attention market those thank national tough wear.,Government
Robert Henderson,robert.henderson@example.com,395-409-9456x33193,1965-03-01,35602 Richmond Ave,New York,NY,15210-7924,Bronx,Email,"Become customer vote. Century garden remember doctor want allow.
Other eye visit find. Nation situation chance lose strategy.
Draw certain statement. Lay could since have defense social.",Individual
Harper Butler,harper.butler@example.com,+1-876-921-8144x5535,1983-05-02,32217 Bleecker Street,New York,NY,96908-3841,Staten Island,Phone,"Father view avoid. Religious wall least specific system. Seven put garden bring chair great.
Month even where finally. Cold single talk project gun career save.",VIP
Zoey Roberts,zoey.roberts@example.com,353-730-7924x68481,1969-06-06,28729 Steinway Street,New York,NY,10008-4848,Brooklyn,Mail,Respond should anyone. Accept black society southern lawyer condition model fast. Their contain easy so particularly much clear.,Small Business
Elijah Smith,elijah.smith@example.com,001-770-598-1027x5537,1976-05-31,3896 Northern Blvd,New York,NY,86207-1200,Brooklyn,Mail,Man yet drive certain despite impact apply throw. Event high adult common central. Issue anyone goal job without book maybe.,VIP
Anthony Flores,anthony.flores@example.com,284.545.8761,1978-02-13,07399 5th Ave,New York,NY,34991-3250,Bronx,Phone,"Various new week them. Worry include business seem any such example.
Team court situation your. Network media box free. Can allow action. National job card.",Non-Profit
Jackson Ward,jackson.ward@example.com,+1-678-709-5768x0672,1948-09-06,87856 Wall Street,New York,NY,34041-1083,Queens,Email,Why herself everything material outside. Determine issue experience step. Race six against stock throughout finish yeah idea.,Individual
Joseph Mitchell,joseph.mitchell@example.com,+1-203-936-5512x5939,1989-03-23,9764 Hylan Blvd,New York,NY,89107-1645,Brooklyn,Email,"Same and represent I. Five other like week look inside nice.
Word style life become chance.
Far finish side smile. Many mission population almost movie end.",Individual
Andrew Gray,andrew.gray@example.com,(220)299-9153,1998-05-01,81188 Wall Street,New York,NY,67426-1500,Staten Island,Mail,Month reduce fast different system soon remember above. His image fast idea together. Word artist security chair scene.,Government
Michael Martinez,michael.martinez@example.com,380.242.6466x510,1988-01-28,427 Bowery,New York,NY,96517-9626,Queens,Email,"Pay hotel surface building. Herself just picture.
Cup success mission message material keep wide. Local glass final administration including authority.",Corporate
Cameron Coleman,cameron.coleman@example.com,737.919.8296x52414,1979-04-09,759 Queens Blvd,New York,NY,42722-7220,Staten Island,Mail,"Edge technology or true. Notice rich realize close.
Against have case before. Parent water yeah wife make such debate.",VIP
Gabriel Garcia,gabriel.garcia@example.com,564-421-6610x4950,1960-01-03,9009 Fordham Road,New York,NY,97584-4494,Manhattan,Mail,"Media note prevent build age song store pressure. Somebody clearly physical father through.
Stage society phone. Upon to put east usually much sit.",Individual
Evelyn Butler,evelyn.butler@example.com,9262477916,1990-05-15,25595 Park Ave,New York,NY,43737-6433,Brooklyn,Mail,Unit style training. Discuss financial democratic every old. Miss population where staff.,Small Business
Mia Lopez,mia.lopez@example.com,(521)259-6297,1980-06-14,96651 Bowery,New York,NY,81697-7555,Brooklyn,Email,"Old goal reveal beat three sing middle.
Find decision occur hundred enter team. Game several chair agree a.
Four reach never. Race politics staff skill figure should.",Corporate
Brian Wood,brian.wood@example.com,001-829-426-2942,1982-01-28,042 Canal Street,New York,NY,18464-2065,Staten Island,Mail,"Friend special possible program. Well ball they morning road success produce.
Listen boy parent that information. Add television when large. Without special either knowledge final think.",Government
Rebecca Ward,rebecca.ward@example.com,2606953369,2001-02-08,91218 Columbus Ave,New York,NY,82646-7134,Brooklyn,Mail,Analysis admit forward great there expect. Develop type try note gas federal issue. School enter need maybe lay.,Corporate
Joseph Clark,joseph.clark@example.com,(737)212-1666x86431,1950-11-16,2536 Central Park West,New York,NY,86837-4497,Staten Island,Mail,"Certain part professional soon race machine. Fill remember state recognize large mind.
Call southern some spend town office seven education. Station describe thought education.",Non-Profit
Isaac Simmons,isaac.simmons@example.com,812-565-9968x7174,2004-07-22,92542 Hylan Blvd,New York,NY,63342-5126,Staten Island,Phone,"Degree big their stage involve half. Turn financial property purpose. Player provide explain think administration official product.
Their agree hear film day. Mother although already nation.",Small Business
Aaron King,aaron.king@example.com,(584)511-0869,2000-11-04,612 West End Ave,New York,NY,51845-6601,Manhattan,Phone,"Quickly describe challenge shake.
Before head happen left worker lay during. Consider responsibility financial ball meet. Family activity ever attack.",Non-Profit
Layla Lee,layla.lee@example.com,461-911-6423x2502,1973-01-16,57193 Fulton Street,New York,NY,11193-3867,Staten Island,Mail,"Three well central parent lay tend.
Guy red close close business. Congress leave politics me wife decision traditional.",VIP
Nicole Adams,nicole.adams@example.com,876-454-9632x69882,1993-12-23,590 Fulton Street,New York,NY,23088-2028,Bronx,Email,"Human computer occur east give already. Agree sport more. Management voice power one.
Mrs history leg answer.
Near smile discussion exist radio town kid. Though ever day paper expert way low.",Corporate
Aurora Sanders,aurora.sanders@example.com,(262)969-4835x91827,1951-02-18,99224 Amsterdam Ave,New York,NY,18875-4193,Staten Island,Mail,Small then clearly special. Television will staff reflect consider indeed.,Government
Anthony Martinez,anthony.martinez@example.com,867-406-5001,1945-06-03,15135 Astoria Blvd,New York,NY,99056-4711,Staten Island,Mail,"Long start kind. Training car kitchen school.
Require cost during view significant. Left different late try may relate. Seek evening on degree stock.",Corporate
Chris King,chris.king@example.com,+1-905-996-1693,1952-09-13,32820 Queens Blvd,New York,NY,87048-1292,Brooklyn,Mail,"Summer explain usually class of.
Newspaper agreement owner energy remember.
Office cover son skill camera.
Early language town fire.",Individual
Ellie Martinez,ellie.martinez@example.com,463.522.8717x29765,1996-01-26,00088 Bowery,New York,NY,49765-3180,Manhattan,Email,Something ball teacher person against. Way drug physical check. Worry cover hear enough thousand production. Once adult would question and.,Government
Brittany Thomas,brittany.thomas@example.com,001-897-258-7017,1982-04-25,1450 Bleecker Street,New York,NY,20468-8027,Staten Island,Email,"Over along officer care issue. Response staff hope open show anything. Than action push they around nice.
Price century seem. Weight black yes agent. Rise age wear shoulder decade modern here.",Government
Paisley Cook,paisley.cook@example.com,593.791.3499,1969-11-09,601 Wall Street,New York,NY,85851-7927,Bronx,Email,"Into product arm big both week include this. Teach ball test tend then would else drop.
Tend charge suddenly event. Majority Democrat security though television modern.",Non-Profit
Elijah Hughes,elijah.hughes@example.com,001-346-579-1260x1382,1967-02-02,79270 Astoria Blvd,New York,NY,71548-8234,Manhattan,Email,"Arrive teach authority themselves. Popular simply interview but top human help.
Benefit often campaign. Evening kitchen window without.",Individual
Logan Gonzales,logan.gonzales@example.com,643.754.4892x05939,1959-12-18,430 West End Ave,New York,NY,22625-7235,Bronx,Phone,"Push environmental job. West year more scene trouble recently.
Report woman college career view officer. Start wind later idea ok.
Measure hot material painting information hot foreign.",Small Business
Justin Garcia,justin.garcia@example.com,001-422-593-4105x8961,1999-09-11,04150 Fordham Road,New York,NY,60295-5984,Manhattan,Email,"Reality pass action their.
Describe news good. Than game media mind listen best. Or upon family professional traditional.",Corporate
Elijah Jones,elijah.jones@example.com,581.580.8814,1950-10-09,935 Park Ave,New York,NY,65393-7749,Queens,Phone,Where they entire. Wife give country involve quality trip factor join. Relate lead total now industry friend.,VIP
Justin Cook,justin.cook@example.com,001-294-570-6014x930,1951-02-11,55674 Bowery,New York,NY,18022-6367,Brooklyn,Email,"Body notice pick fine of. Direction dog learn model some glass including.
Marriage suddenly your term toward.",Government
Michelle Foster,michelle.foster@example.com,987-246-5726x505,1967-01-25,6973 Forest Ave,New York,NY,35165-6058,Bronx,Email,"Red apply painting move. Life whom total huge here book. Realize return draw main interview activity. Game pattern simple else.
Oil church avoid. Brother area present black.",Small Business
Scarlett Jones,scarlett.jones@example.com,733-334-1746,1958-05-26,9432 Fordham Road,New York,NY,76927-1221,Brooklyn,Phone,"Industry environment final industry. Toward then your strategy exactly dog.
Step letter newspaper dog cup finally course. Wrong four laugh hotel give yet trade.",Corporate
Lillian Rodriguez,lillian.rodriguez@example.com,+1-848-649-1216x1482,1950-09-06,4741 Victory Blvd,New York,NY,51384-9703,Bronx,Phone,Industry city go with should color its could. Relate evening power. Answer score interest anyone allow.,Corporate
Chloe Murphy,chloe.murphy@example.com,524.983.0166x18921,2004-03-12,7347 Steinway Street,New York,NY,43202-2723,Staten Island,Mail,Enjoy various class Congress partner dream. Professional star cover however fill financial talk. Option condition collection their represent social current can.,Government
Jessica Patterson,jessica.patterson@example.com,885.432.6344x65429,1948-03-08,46812 1st Ave,New York,NY,19179-8273,Queens,Phone,Occur measure power especially book heart. Pull represent sing consumer. Million never from theory Congress thing fast third.,VIP
Addison Howard,addison.howard@example.com,7646262116,1952-07-07,49307 Park Ave,New York,NY,65469-2204,Staten Island,Mail,Activity everything else week produce everything education debate. By difficult also TV officer pay total. Act sort our.,Non-Profit
Melissa Williams,melissa.williams@example.com,+1-257-366-9246,1952-06-06,710 Mulberry Street,New York,NY,46043-2305,Queens,Mail,"Politics view around get never pattern. Exist rock system yourself. Our picture water work music across.
Quickly service region. Race wind would analysis stop.",Individual
John Allen,john.allen@example.com,652.375.6648x24906,1999-04-24,3007 2nd Ave,New York,NY,63301-5274,Queens,Phone,"Set career senior remain task possible sure this. Public baby four final special article.
Seat like federal data among interesting. Morning natural cause. Prepare hair time together use nor need.",Corporate
Michelle Gray,michelle.gray@example.com,(531)552-0305x04453,1970-06-11,226 Arthur Ave,New York,NY,52877-6232,Manhattan,Email,"Contain little police spring bit. Including long population dinner already. Time art smile world feel.
Theory what many hope raise. Simple school attack feeling.",Individual
John Gray,john.gray@example.com,261.476.1133x297,1957-10-21,28845 Bleecker Street,New York,NY,45103-2077,Manhattan,Mail,"Miss leg from case cup explain dark. Month like place into very language ready. Structure production effect yeah sit upon picture.
Everybody and term interest.",Individual
Chloe Wood,chloe.wood@example.com,811.200.4759x66921,1967-09-11,0089 5th Ave,New York,NY,46106-8645,Queens,Email,Early story possible word stop leader. Story tell page section entire major. Five feel factor suffer fish just administration. Watch which at crime consider half practice.,VIP
Emma Phillips,emma.phillips@example.com,467-689-5678x94225,1953-07-02,18167 3rd Ave,New York,NY,41896-7468,Manhattan,Phone,"Teach want peace computer dream last long. Direction miss fall practice store activity here.
Hotel politics where experience. Give end it about already pressure.",Small Business
Grace Ward,grace.ward@example.com,001-563-736-8023x24578,1958-09-25,127 1st Ave,New York,NY,76791-6877,Bronx,Phone,Visit organization issue wonder shoulder. Should maintain value from meeting through. Writer friend pressure spring building central leg. Dream something cold bill.,Individual
Scarlett Bell,scarlett.bell@example.com,+1-638-437-5456x7504,1984-10-17,754 Madison Ave,New York,NY,49259-4714,Brooklyn,Email,"Remember where police almost. Somebody right soldier best.
Goal summer news everyone. Real assume left control allow away work security.",Individual
Daniel Smith,daniel.smith@example.com,001-279-666-4387x04393,1964-09-14,01475 Mulberry Street,New York,NY,84734-2872,Queens,Email,"Kid within within.
Thought price soldier live ready woman. Us recently actually discussion. Model interest little body politics home. Grow mention voice.",Small Business
Logan Lewis,logan.lewis@example.com,(833)568-1935x566,1975-08-08,3652 Astoria Blvd,New York,NY,78886-7149,Brooklyn,Phone,"Bank vote whether station executive entire. Cultural admit coach. Exactly clearly region tax.
Media offer into four ok guy must. Window person positive soon executive.",Individual
Ashley Washington,ashley.washington@example.com,823.219.5363x336,1993-12-10,8127 Mulberry Street,New York,NY,75475-1291,Brooklyn,Phone,Else draw car. Might people standard a actually professor gun simply. Check report speech head data financial toward.,Government
Cameron Henderson,cameron.henderson@example.com,627.748.7455x9941,1982-09-11,06614 West End Ave,New York,NY,97935-2729,Manhattan,Mail,"Situation for too guess according worry. Question type easy. Evidence value worry various.
Sign agency computer factor help. Friend so grow guy sell protect. Together relate production.",VIP
Ryan Davis,ryan.davis@example.com,001-995-898-0082x904,1989-03-28,148 1st Ave,New York,NY,46483-8118,Manhattan,Phone,Section director early with foreign. Exist suggest win real north article bank. Condition help central might million.,Small Business
Logan Alexander,logan.alexander@example.com,+1-240-649-9318x50455,1967-12-10,4408 Lexington Ave,New York,NY,14459-8379,Staten Island,Phone,Me tell return method. Hold significant have sing grow bag.,Individual
Caleb Scott,caleb.scott@example.com,001-739-779-8158,1997-08-24,5860 Richmond Ave,New York,NY,35603-4650,Brooklyn,Phone,"Health ok argue high player. Major finally majority tax maintain. Campaign herself ago race stay fine.
Run try article before. This specific power very let.",Individual
Chris Ramirez,chris.ramirez@example.com,+1-424-781-8564x1418,1955-03-28,20847 Astoria Blvd,New York,NY,86329-8808,Brooklyn,Phone,Make something difference. Bar movement hold family range you address.,Individual
Mia Gonzales,mia.gonzales@example.com,8145497582,1970-06-10,70101 Bowery,New York,NY,80545-8949,Queens,Phone,"Middle address yes more lawyer. Watch training sort land wear.
Much husband section Mr minute ask south. Anything worker mission rich site.",VIP
Mason Watson,mason.watson@example.com,9708730184,1965-01-11,4874 Jerome Ave,New York,NY,67322-3822,Brooklyn,Phone,"Stay ever chair among unit. Rest page above character.
Team believe against second price price. Must child fact number pressure idea. Base early job provide expert sit perhaps.",Individual
Eric Edwards,eric.edwards@example.com,+1-849-878-3489x0262,1946-03-02,9768 Fulton Street,New York,NY,28984-9825,Manhattan,Mail,Activity rest thought rule ever doctor. Network order whatever former seem agency blood treatment. Perhaps all large level turn beat.,Corporate
Lucas King,lucas.king@example.com,001-379-800-2979x220,1946-11-23,9146 Columbus Ave,New York,NY,62547-5015,Bronx,Email,"Officer laugh see beyond. Example dinner size baby. Manage eye least end capital.
Current start political hand head affect. Really nearly once why once federal. From read group close building.",Government
Dylan Martin,dylan.martin@example.com,4159051597,1970-04-12,358 Astoria Blvd,New York,NY,56940-2579,Queens,Email,"Worry hope analysis look drop personal store American. Try owner relationship write treatment enter economic.
Race that participant machine near evening hot.",Small Business
Adam Wright,adam.wright@example.com,+1-946-806-8034x914,1984-12-15,2290 Fulton Street,New York,NY,36790-8395,Queens,Email,"Use find community contain. Side reduce trip rise.
Data professional return eat hold agreement no. Owner seat personal during country order later.",Corporate
